username,blitz_last_rating,blitz_last_rd,blitz_best_rating,blitz_wins,blitz_losses,blitz_draws,blitz_total_games,blitz_win_rate,blitz_draw_rate
7chessace,2767,35,2787,155,84,21,260,0.5961538461538461,0.08076923076923077
a-fier,2952,37,2978,2361,1629,501,4491,0.5257181028724115,0.11155644622578491
aa175,2920,38,3184,6171,5852,1038,13061,0.4724753081693592,0.07947324094632877
aamuktha-guntaka,2517,41,2642,56,79,12,147,0.38095238095238093,0.08163265306122448
aaravdenglaofficial,2813,44,2897,496,422,101,1019,0.4867517173699706,0.09911678115799803
ach19,2317,29,2561,10052,9529,1038,20619,0.4875115185023522,0.05034191764877055
acidshazz,2387,37,2534,5289,5687,973,11949,0.44263118252573436,0.08142940831868775
actuary44,2546,43,2660,677,756,121,1554,0.43564993564993565,0.07786357786357787
ad0406,2411,44,2491,1665,1668,230,3563,0.4673028346898681,0.06455234353073253
adrian-thorsen,2449,38,2508,4595,4401,529,9525,0.48241469816272964,0.05553805774278215
advik1b,2862,30,2862,360,217,75,652,0.5521472392638037,0.11503067484662577
agibileg,2770,45,2999,3463,3256,551,7270,0.4763411279229711,0.07579092159559835
aguiar94,2810,21,2895,12374,12094,1390,25858,0.478536623095367,0.053755124139531284
agustinwyatt,2515,23,2639,10974,10428,1406,22808,0.48114696597685025,0.061645036829182744
ahmed_naser1,1963,42,2044,229,198,13,440,0.5204545454545455,0.029545454545454545
aifosilianorkuhs2006,3077,42,3222,1661,1374,378,3413,0.48666861998242017,0.11075300322297099
ajedrezart-m-auro,2470,39,2561,217,148,21,386,0.5621761658031088,0.054404145077720206
akewjon,2808,46,2922,2302,801,260,3363,0.6845078798691644,0.07731192387749034
albadelomass,2476,33,2480,825,789,159,1773,0.4653130287648054,0.08967851099830795
aldareee,2668,44,2771,1180,1066,158,2404,0.4908485856905158,0.06572379367720466
alejandro2006lara,2567,32,2774,286,272,63,621,0.4605475040257649,0.10144927536231885
alen_chessmate,2922,35,2978,818,500,127,1445,0.5660899653979239,0.08788927335640138
alenzer,2226,46,2285,787,1298,135,2220,0.3545045045045045,0.060810810810810814
alex_banzea,2479,38,2764,6845,5984,1057,13886,0.4929425320466657,0.07611983292524845
alexander_donchenko,2919,47,3035,3288,1657,627,5572,0.5900933237616655,0.11252692031586504
alexboy14,2905,37,2912,1510,891,243,2644,0.5711043872919819,0.09190620272314674
alexei_gubajdullin,2670,41,2831,1833,1478,299,3610,0.5077562326869806,0.08282548476454293
alexlongson,2568,46,2573,130,76,7,213,0.6103286384976526,0.03286384976525822
alexpapasimakopoulos,2889,30,3032,3349,2311,659,6319,0.5299889222978319,0.10428865326792214
alexrustemov,2943,18,3088,25345,22383,7680,55408,0.4574249205890846,0.13860814322841467
aljoschafeuerstack,2806,45,2806,480,313,54,847,0.5667060212514758,0.06375442739079103
allblacksgoat,2732,26,2870,945,822,216,1983,0.47655068078668683,0.10892586989409984
allcer7,2881,44,2924,1123,1040,227,2390,0.4698744769874477,0.09497907949790795
allespatzer,2518,44,2613,137,169,10,316,0.43354430379746833,0.03164556962025317
almasrakhmatullaev,2978,39,3106,1382,1110,246,2738,0.5047479912344777,0.08984660336011688
aloe_normansen,2689,48,2715,405,323,71,799,0.5068836045056321,0.08886107634543179
alomaterapia,2713,45,2721,371,269,69,709,0.5232722143864598,0.09732016925246827
aminazinas,2693,28,2772,6754,5759,1342,13855,0.4874774449657163,0.09686033922771563
amintabatabaei,3147,37,3245,6434,5790,1596,13820,0.4655571635311143,0.1154848046309696
ananya2898,2469,41,2575,25,44,10,79,0.31645569620253167,0.12658227848101267
anasta10,2770,34,2832,2280,1695,531,4506,0.5059920106524634,0.11784287616511319
andreikka,3141,45,3219,2244,1388,473,4105,0.5466504263093788,0.11522533495736906
andrew-blr,2674,27,2785,3583,3563,747,7893,0.4539465349043456,0.09464082098061574
andrey-ivanov2011,2444,65,2498,287,285,35,607,0.4728171334431631,0.057660626029654036
andriidiachek,2744,44,2744,101,64,12,177,0.5706214689265536,0.06779661016949153
andrzej,2488,44,2554,2372,2048,387,4807,0.4934470563761182,0.08050759309340545
angamat,2405,28,2476,359,410,53,822,0.4367396593673966,0.06447688564476886
angry_twin,3113,29,3124,4332,2929,873,8134,0.5325792967789525,0.10732726825670028
annacramling,2382,31,2410,5143,5582,679,11404,0.4509821115398106,0.059540512101017184
ant_chess_2019,2817,47,2826,571,314,63,948,0.6023206751054853,0.06645569620253164
anton_demchenko,2967,21,3124,8035,5875,1804,15714,0.5113274786814306,0.11480208731067838
antoni_radzimski,2804,32,2915,1236,1112,244,2592,0.47685185185185186,0.0941358024691358
apollonzerotv,2686,40,2784,1369,1047,161,2577,0.5312378734963136,0.06247574699262708
aquarium76,3031,43,3105,280,151,55,486,0.5761316872427984,0.11316872427983539
argentino1,2382,60,2549,3545,3588,668,7801,0.4544289193693116,0.0856300474298167
argodeajedrez,2567,31,2711,4212,3810,542,8564,0.49182624941616065,0.06328818309201308
arlan_mirzhanov,2505,45,2556,64,95,19,178,0.3595505617977528,0.10674157303370786
arseny-kleschevnikov,2404,64,2458,8,14,0,22,0.36363636363636365,0.0
artemdyachuk,2834,43,3140,3907,3725,454,8086,0.4831808063319317,0.056146425921345534
artin10862,3096,24,3220,5160,4978,726,10864,0.47496318114874814,0.06682621502209131
artooon,3183,40,3225,2435,2357,582,5374,0.45310755489393373,0.10829921845924823
aryan_tamadon,2696,49,2792,1611,1316,157,3084,0.5223735408560312,0.05090791180285344
ascender21,2952,31,3015,1590,1196,256,3042,0.5226824457593688,0.084155161078238
aslanov_umid,2870,30,2909,4456,5102,905,10463,0.4258816782949441,0.08649526904329542
asvz,2584,28,2778,5578,5146,947,11671,0.4779367663439294,0.08114129037785965
averagefm,2758,46,2845,271,197,33,501,0.5409181636726547,0.0658682634730539
aygehovit1992,2911,23,2991,3717,3222,701,7640,0.48651832460732986,0.09175392670157068
b_griffin,2409,32,2465,5045,4470,419,9934,0.5078518220253674,0.042178377290114755
b_nn_t,2658,32,2715,1561,1805,497,3863,0.40409008542583486,0.12865648459746312
babadexiaobao,2561,46,2590,109,80,16,205,0.5317073170731708,0.07804878048780488
banane_verte,2744,30,2757,4901,3430,894,9225,0.5312737127371274,0.09691056910569106
bapttoche,2545,35,2658,953,936,130,2019,0.4720158494304111,0.06438831104507181
baratheont,2521,30,2647,822,842,104,1768,0.4649321266968326,0.058823529411764705
barriochess,2438,49,2609,1308,1111,215,2634,0.49658314350797267,0.08162490508731966
bashirlisaadat,2518,49,2518,415,597,94,1106,0.3752260397830018,0.08499095840867993
battery_chess,2417,45,2534,144,184,20,348,0.41379310344827586,0.05747126436781609
bazar-wokzal,2696,30,2794,4750,4039,865,9654,0.492024031489538,0.08960016573441061
beawuids,2700,34,2857,3890,3330,540,7760,0.5012886597938144,0.06958762886597938
beca95,3086,31,3126,5370,3104,1055,9529,0.5635428691363207,0.11071466051002204
beltraxtor,2807,45,3017,1034,764,205,2003,0.5162256615077384,0.10234648027958063
bencus12,2751,29,2813,1221,1055,173,2449,0.4985708452429563,0.07064107799101674
bescmelasti,2701,41,2808,572,509,116,1197,0.4778613199665831,0.09690893901420217
billys2010,2801,36,2925,537,340,99,976,0.5502049180327869,0.1014344262295082
blitz_lover1,2718,38,2807,370,393,78,841,0.4399524375743163,0.09274673008323424
bogdandeac,3178,31,3240,8497,4680,2504,15681,0.5418659524265034,0.15968369364198712
bojosi,2319,49,2357,4907,5436,567,10910,0.44977085242896425,0.051970669110907426
boliviar,2450,36,2567,4390,4543,552,9485,0.4628360569319979,0.05819715340010543
bonantagulo,2482,43,2552,1029,774,139,1942,0.5298661174047374,0.07157569515962925
borasavran35,2629,38,2735,122,140,15,277,0.4404332129963899,0.05415162454873646
boris_plotnikov,2691,27,2848,2162,1838,207,4207,0.5139053957689566,0.04920370810553839
boundless_strike,2900,28,2963,4775,4048,788,9611,0.4968265529081261,0.08198938716054521
boutikaki,2622,34,2676,255,303,27,585,0.4358974358974359,0.046153846153846156
briesmas,2629,46,2710,433,461,59,953,0.45435466946484787,0.06190975865687303
brilliant_move_11,2542,45,2564,191,162,18,371,0.5148247978436657,0.04851752021563342
bsnsun,2715,45,2732,448,393,78,919,0.48748639825897716,0.08487486398258977
bulgakdamir,2826,39,2858,486,390,42,918,0.5294117647058824,0.0457516339869281
bulletteemo,2739,38,2817,551,394,71,1016,0.5423228346456693,0.06988188976377953
bullycloud,2706,34,2889,2304,2277,455,5036,0.45750595710881653,0.0903494837172359
byniolus,2988,29,3049,6753,3437,1049,11239,0.600854168520331,0.09333570602366759
cabezauro,2356,37,2527,542,578,60,1180,0.45932203389830506,0.05084745762711865
caroexpert,2906,17,3044,5010,5023,684,10717,0.46748157133526175,0.06382383129607166
cartonmaster,2587,33,2722,999,1144,149,2292,0.43586387434554974,0.0650087260034904
casper,2798,28,2885,1303,1204,183,2690,0.48438661710037173,0.06802973977695168
cayse,3014,34,3083,1998,1049,307,3354,0.5957066189624329,0.0915324985092427
ccccvhhhj,2605,33,2637,2587,2266,265,5118,0.5054708870652599,0.05177803829620946
celinetheslime2026,2208,34,2256,458,297,31,786,0.5826972010178118,0.039440203562340966
ceraadagaria,2080,94,2382,4,33,3,40,0.1,0.075
chaineddowntohell,2685,46,2695,268,242,27,537,0.49906890130353815,0.05027932960893855
cheer_down,2602,22,2686,10955,13227,2784,26966,0.4062523177334421,0.10324111844544982
cheessmasteer54,2386,48,2386,32,58,7,97,0.32989690721649484,0.07216494845360824
cherneevo_23,2554,48,2573,342,173,104,619,0.5525040387722132,0.1680129240710824
chesniu,2919,44,2985,808,477,119,1404,0.5754985754985755,0.08475783475783476
chessbaerchen,2698,46,2781,285,196,36,517,0.5512572533849129,0.06963249516441006
chessbard1972,2411,19,2570,7668,9750,1107,18525,0.41392712550607286,0.05975708502024291
chessdevotee26,2352,64,2505,28,97,8,133,0.21052631578947367,0.06015037593984962
chessfighter_2011,3183,29,3190,2583,1832,432,4847,0.532906952754281,0.08912729523416546
chessgirl_leyla,2327,41,2351,92,179,10,281,0.3274021352313167,0.03558718861209965
chesskhan11,2833,30,3040,2005,1761,389,4155,0.4825511432009627,0.09362214199759326
chessmarkod,2383,34,2451,55,73,9,137,0.40145985401459855,0.06569343065693431
chessqueen,2867,44,2877,3157,1626,743,5526,0.5712993123416577,0.1344553022077452
chesssplayer21,2986,36,3092,1471,1063,340,2874,0.511830201809325,0.11830201809324982
chesswarrior7197,3179,43,3205,2187,1364,522,4073,0.5369506506260742,0.1281610606432605
chesswithakeem,2589,23,2651,2045,2140,273,4458,0.45872588604755493,0.06123822341857335
chill_out112,2901,49,2901,790,787,139,1716,0.4603729603729604,0.08100233100233101
chito89,2922,36,3094,5245,3639,883,9767,0.5370123886556772,0.09040647076891574
chomiczek786,2725,36,2843,558,538,98,1194,0.46733668341708545,0.08207705192629816
chuessco,2566,31,2680,4962,5011,616,10589,0.46859949003683066,0.058173576352818966
ckgchess,3023,36,3025,3050,1977,525,5552,0.5493515850144092,0.09456051873198847
coachsuhaas,2610,41,2706,2802,2691,362,5855,0.4785653287788215,0.061827497865072585
cocosiukas,2513,47,2622,176,218,30,424,0.41509433962264153,0.07075471698113207
colincreeveydennic,2547,23,2694,515,609,94,1218,0.42282430213464695,0.07717569786535304
colinfederer,2732,36,2732,197,171,25,393,0.5012722646310432,0.06361323155216285
colleofduty,2868,36,2868,209,86,19,314,0.6656050955414012,0.06050955414012739
collonut,2279,28,2372,613,493,99,1205,0.5087136929460581,0.08215767634854772
conformalfunction,2378,66,2441,422,581,98,1101,0.3832879200726612,0.08900999091734786
cosmokramer2260,2702,28,2739,3968,3912,769,8649,0.45878136200716846,0.08891201294947393
crazy_m_attack,2720,42,2758,619,550,104,1273,0.48625294579732914,0.0816967792615868
crescentmoon2411,3034,29,3162,1864,1034,490,3388,0.5501770956316411,0.1446280991735537
cristianchess19,2624,36,2703,2792,815,308,3915,0.713154533844189,0.07867177522349936
cryptic_warrior,2485,47,2675,635,543,129,1307,0.48584544758990056,0.09869931140015302
csb7,2945,46,2958,1585,800,494,2879,0.5505383813824245,0.17158735672108372
danifv,2506,26,2506,2654,2693,378,5725,0.4635807860262009,0.06602620087336245
daniil_kaminskii,2800,38,2859,110,70,14,194,0.5670103092783505,0.07216494845360824
dannyings83972,2754,33,2797,716,418,108,1242,0.5764895330112721,0.08695652173913043
darkalekhine,2958,29,2981,4675,4534,733,9942,0.47022731844699256,0.07372762019714343
darkknight_0102,2877,23,2972,479,359,98,936,0.5117521367521367,0.1047008547008547
dawidczerw,2712,35,2794,6776,4829,876,12481,0.5429052159282108,0.07018668375931415
deanklobucar,2517,41,2569,59,87,9,155,0.38064516129032255,0.05806451612903226
dearron_fox,2806,49,2822,1668,1195,203,3066,0.5440313111545988,0.06621004566210045
deenzerz,2589,49,2640,815,780,140,1735,0.4697406340057637,0.08069164265129683
denizdirikolu09,2860,19,2953,930,1181,165,2276,0.4086115992970123,0.07249560632688928
denlaz,3232,35,3350,3106,1203,818,5127,0.6058123659059879,0.15954749366101034
der_balak_3halak,2904,23,2904,2548,2894,545,5987,0.4255887756806414,0.09103056622682479
dey2580,2679,34,2743,562,427,92,1081,0.5198889916743756,0.0851063829787234
diamonds13,2512,38,2533,1937,2287,232,4456,0.4346947935368043,0.05206463195691203
dimoointheworld,2661,32,2683,199,147,22,368,0.5407608695652174,0.059782608695652176
dinosavr75,2490,43,2531,306,214,42,562,0.5444839857651246,0.07473309608540925
dolphin_2010,3300,26,3300,955,406,103,1464,0.6523224043715847,0.0703551912568306
domyk16,2688,47,2713,699,505,89,1293,0.5406032482598608,0.06883217324052592
dondiller,2375,47,2372,44,28,3,75,0.5866666666666667,0.04
donkydonkydonkey,3011,42,3100,1825,1346,339,3510,0.51994301994302,0.09658119658119659
donmichelecorleone,2697,43,2822,442,380,74,896,0.49330357142857145,0.08258928571428571
dontmesswiththefish,2847,28,2921,1720,1589,228,3537,0.48628781453208936,0.06446140797285835
doraemonandme,2457,39,2457,278,189,15,482,0.5767634854771784,0.03112033195020747
dosto07,2660,22,2727,12005,14338,2942,29285,0.40993682772750556,0.10046098685333789
dr_tyger,3091,30,3182,5347,3213,1004,9564,0.5590757005437056,0.10497699707235467
dretch,2962,46,2983,1881,783,273,2937,0.6404494382022472,0.09295199182839632
drkiller67,2916,25,2988,161,90,21,272,0.5919117647058824,0.07720588235294118
drriebert,2492,48,2655,1393,1434,119,2946,0.4728445349626612,0.04039375424304141
drwonderkid,2665,42,2707,275,298,43,616,0.44642857142857145,0.0698051948051948
dulinma64,2298,69,2407,16,21,3,40,0.4,0.075
durarbayli,3031,44,3058,4227,2836,778,7841,0.5390894018620074,0.09922203800535646
earlybird2012,2733,35,2733,2879,2861,391,6131,0.469580818789757,0.06377426194748002
ebilski0106,2770,29,2871,975,614,118,1707,0.5711775043936731,0.06912712360867018
edgarandreasyan2008,2750,35,2836,338,335,68,741,0.45614035087719296,0.09176788124156546
effefe,2454,47,2493,667,582,54,1303,0.5118956254796623,0.04144282425172678
egehany09,2671,47,2702,158,145,27,330,0.47878787878787876,0.08181818181818182
egetuna10,2492,55,2741,1060,978,134,2172,0.4880294659300184,0.061694290976058934
elcandado,2803,44,2808,6478,6416,1859,14753,0.4390971327865519,0.12600826950450755
elessar16,2354,33,2425,133,186,14,333,0.3993993993993994,0.042042042042042045
eleyah,2704,35,2754,1518,1633,249,3400,0.4464705882352941,0.07323529411764707
elis06,2521,45,2542,1157,1032,181,2370,0.48818565400843883,0.07637130801687764
eljanov,3018,28,3063,5920,5736,1987,13643,0.4339221578831635,0.1456424540057172
elliotaldersontwitch,2893,22,3063,8230,8707,2216,19153,0.42969769748864406,0.1156998903566021
elnaz_kaliakhmet,2741,42,2741,298,300,53,651,0.4577572964669739,0.08141321044546851
eloist,2527,22,2602,2953,3188,495,6636,0.4449969861362266,0.07459312839059674
elpeordelosmejores,2670,33,2734,938,926,104,1968,0.4766260162601626,0.052845528455284556
emperor87,2876,35,2925,2566,3245,707,6518,0.39367904265111997,0.10846885547714023
endgamedestroyer,2472,25,2614,2225,2365,380,4970,0.4476861167002012,0.07645875251509054
endgamemaster51,2726,23,2868,3134,3928,961,8023,0.39062694752586313,0.11978063068677552
enzoferrara,2462,47,2553,866,869,82,1817,0.47660979636763895,0.045129334067143645
eternalnight8,2605,47,2619,185,214,29,428,0.4322429906542056,0.06775700934579439
eugenefurman,2251,31,2261,290,509,46,845,0.3431952662721893,0.054437869822485205
fabianocaruana,3220,38,3286,2915,843,516,4274,0.6820308844174076,0.12072999532054282
fairchess_on_youtube,3271,33,3290,5371,1797,1393,8561,0.6273799789744189,0.16271463614063778
fariza2018,2712,47,2767,1054,1003,156,2213,0.4762765476728423,0.07049254405784004
fastrocket2007,2602,30,2761,671,785,120,1576,0.42576142131979694,0.07614213197969544
faustinooro,3221,26,3297,7362,5473,1104,13939,0.5281584044766483,0.07920223832412655
fedor_antipovspb,2760,42,2763,144,51,14,209,0.6889952153110048,0.06698564593301436
ferch1ni,2566,40,2592,524,515,44,1083,0.4838411819021237,0.040627885503231764
ferdipy,2337,45,2526,3307,3130,436,6873,0.48115815509966536,0.06343663611232359
fghsmn,3109,34,3132,6089,4246,886,11221,0.5426432581766331,0.0789590945548525
fh2411,2735,33,2747,1568,1474,342,3384,0.46335697399527187,0.10106382978723404
fighter0411,2281,72,2376,12,27,1,40,0.3,0.025
fikus-13,2542,14,2696,6324,5952,1197,13473,0.4693832108661768,0.08884435537742151
fillipos12,2405,55,2445,983,697,78,1758,0.5591581342434585,0.04436860068259386
fins0905,2909,46,2918,2820,1195,366,4381,0.6436886555580917,0.08354257018945446
fischerbobbyjames,2633,31,2671,633,448,110,1191,0.5314861460957179,0.09235936188077246
flawless_fighter,2981,21,3021,5210,4553,1220,10983,0.47436948010561775,0.11108076117636347
fmalexhdez,2267,67,2404,949,1260,183,2392,0.3967391304347826,0.07650501672240803
fminho,2551,31,2554,1026,839,170,2035,0.5041769041769042,0.08353808353808354
formerprodigy,3017,49,3049,976,427,238,1641,0.5947592931139549,0.1450335161486898
francesatop,2535,22,2610,10930,10837,2569,24336,0.4491288625904011,0.1055637738330046
frederickthemate,3002,26,3097,1009,539,211,1759,0.5736213757816941,0.11995451961341672
frederiksvane,3074,38,3204,7144,3894,1379,12417,0.5753402593218974,0.11105742127728115
freeeeeeeeeeeeeeeeee,1737,53,2310,3628,3418,256,7302,0.4968501780334155,0.03505888797589701
futbolvic,2054,71,2115,24,39,4,67,0.3582089552238806,0.05970149253731343
futurechamp1907,2607,36,2658,1299,1132,187,2618,0.49618029029793737,0.07142857142857142
gaalzsoka,2636,46,2663,320,308,57,685,0.46715328467153283,0.08321167883211679
gabber2011,2700,27,2771,1467,1052,230,2749,0.5336485994907239,0.08366678792288104
gabriel_pereyra,2468,51,2485,969,781,133,1883,0.5146043547530537,0.07063197026022305
gabrielcarckeno,2357,37,2495,2322,2163,227,4712,0.49278438030560273,0.0481748726655348
gabrielian_artur,2911,42,2946,2048,1330,396,3774,0.5426603073661898,0.10492845786963434
gaidym72,2525,47,2562,98,87,16,201,0.48756218905472637,0.07960199004975124
gambitgiesbergen,2466,44,2525,379,395,44,818,0.4633251833740831,0.05378973105134474
gameking51,2561,49,2648,335,291,41,667,0.5022488755622189,0.06146926536731634
gangster-accountant01,2916,19,2998,3937,4563,827,9327,0.42210785890425645,0.08866730996033022
gangsterrito,2714,36,2785,366,230,55,651,0.5622119815668203,0.08448540706605223
ganiev_artur11,2931,32,3008,573,497,108,1178,0.4864176570458404,0.09168081494057725
garayevkanan,2900,48,2951,737,516,117,1370,0.537956204379562,0.0854014598540146
gareth-bale11,3020,30,3051,2365,1639,504,4508,0.524622892635315,0.11180124223602485
garfield000,2424,67,2449,968,1052,178,2198,0.44040036396724297,0.08098271155595996
garnikn,2387,47,2491,672,743,265,1680,0.4,0.15773809523809523
gasparasprelliok,2511,45,2523,41,49,4,94,0.43617021276595747,0.0425531914893617
gau248,2802,36,2802,1461,1341,271,3073,0.47543117474780344,0.0881874389847055
gcamachomartinez,2650,29,2718,3055,2678,810,6543,0.4669112028121657,0.12379642365887207
gedizov,2760,46,2831,668,438,96,1202,0.5557404326123128,0.07986688851913477
gen-gutman,2550,37,2701,600,572,88,1260,0.47619047619047616,0.06984126984126984
gennady_kozlov,2604,47,2758,827,730,154,1711,0.4833430742255991,0.09000584453535944
georgiossouleidis,2752,26,2842,9163,6348,1981,17492,0.5238394694717585,0.11325177223873771
germanovs_georgijs,2906,30,3012,1014,650,103,1767,0.5738539898132428,0.058290888511601587
gh6999,2610,28,2708,1602,1267,335,3204,0.5,0.10455680399500625
ghandeevam2003,3242,35,3277,5051,3052,1088,9191,0.5495593515395496,0.11837667283211838
gianmarco_es,2888,34,3006,5597,4267,857,10721,0.5220595093741256,0.07993657308086932
ginger_gm,2776,23,2899,16027,13515,2108,31650,0.5063823064770933,0.06660347551342811
giomar27,2529,44,2654,844,996,137,1977,0.4269094587759231,0.06929691451694486
giovannibrandao7,2376,30,2539,1923,1970,278,4171,0.46104051786142414,0.06665068328937905
gm_dmitrij,3128,24,3212,22892,13428,3987,40307,0.5679410524226561,0.0989158210732627
gm_huschenbeth,2788,42,2807,323,274,43,640,0.5046875,0.0671875
gm_path,2910,29,3004,882,742,241,1865,0.47292225201072385,0.12922252010723861
gmaka,2612,34,2694,1060,1060,202,2322,0.45650301464254955,0.08699397071490095
gmakobianstl,3022,35,3079,1845,1255,470,3570,0.5168067226890757,0.13165266106442577
gmbenjaminbok,3185,37,3200,7188,2483,1551,11222,0.6405275351987169,0.1382106576367849
gmdj77,2033,36,2183,1669,1734,145,3548,0.47040586245772265,0.040868094701240136
gmfyhr1,2625,47,2634,234,148,15,397,0.5894206549118388,0.037783375314861464
gmkrikor,2992,22,3063,15588,7825,2858,26271,0.5933538883179171,0.10878915914887138
gmwso,3274,30,3294,2448,1041,761,4250,0.576,0.17905882352941177
gobiquanvo,2528,32,2635,235,236,44,515,0.4563106796116505,0.0854368932038835
godavarikid,2468,31,2475,99,63,12,174,0.5689655172413793,0.06896551724137931
godzillator,2505,39,2510,3607,4146,717,8470,0.4258559622195986,0.0846517119244392
gora2812,2549,49,2579,120,149,19,288,0.4166666666666667,0.06597222222222222
goshachai2010,2884,36,3012,864,796,145,1805,0.47867036011080333,0.08033240997229917
granatomet552,2752,27,2841,996,684,117,1797,0.5542570951585977,0.0651085141903172
grischuk,3206,46,3225,1749,769,656,3174,0.5510396975425331,0.2066792690611216
grishap06,2847,33,2891,142,79,20,241,0.5892116182572614,0.08298755186721991
grotbchess,2713,46,2731,1106,797,216,2119,0.5219443133553563,0.1019348749410099
gryffindorac8,2651,29,2740,580,532,108,1220,0.47540983606557374,0.08852459016393442
gueraumasague,2904,27,2904,5266,3843,685,9794,0.5376761282417807,0.06994078006943026
guillead1,2765,23,2858,17159,15555,2920,35634,0.48153448953246897,0.08194421058539597
guillembaches,2703,20,2731,2878,2407,995,6280,0.4582802547770701,0.15843949044585987
hakanazeri2,3032,28,3127,4976,5018,1059,11053,0.45019451732561294,0.09581109201121868
hamood-albusaidi,2345,52,2434,608,605,80,1293,0.47022428460943544,0.061871616395978345
handsoffhans,2371,76,2451,1065,944,78,2087,0.5103018687110685,0.037374221370388115
hannahsaycestreams,2336,35,2640,585,753,83,1421,0.41168191414496835,0.05840957072484166
harsha_bharathakoti,3060,46,3070,2639,1510,504,4653,0.5671609714162905,0.10831721470019343
hasangatin_ramil,2757,35,2799,1399,1039,323,2761,0.5067004708438971,0.1169865990583122
hatsak7,2433,65,2455,146,89,9,244,0.5983606557377049,0.036885245901639344
hattori-hanzo78,2724,41,2749,208,155,27,390,0.5333333333333333,0.06923076923076923
hephaestus_11,2579,42,2625,124,113,19,256,0.484375,0.07421875
heritiana_andria,2409,32,2445,1160,952,153,2265,0.5121412803532008,0.06754966887417219
highchessfm,2579,32,2594,1279,1056,114,2449,0.5222539812168232,0.046549612086565946
hikaru,3416,33,3454,34268,5392,4251,43911,0.7803967115301406,0.09680945548951288
hikaruchija,2582,40,2619,789,682,99,1570,0.5025477707006369,0.06305732484076433
hilleltoledo,2455,53,2459,70,78,8,156,0.44871794871794873,0.05128205128205128
homealone20,2472,37,2501,697,692,86,1475,0.4725423728813559,0.05830508474576271
hrvojezagreb,2385,38,2480,11405,13489,1752,26646,0.42801921489154093,0.06575095699166854
hunterbrr,2305,68,2527,803,835,113,1751,0.45859508852084524,0.06453455168475157
hunting_lion14,2516,44,2534,23,32,8,63,0.36507936507936506,0.12698412698412698
hvillagra,3029,26,3096,3608,2811,731,7150,0.5046153846153846,0.10223776223776224
hyuslin,2487,52,2534,706,571,102,1379,0.5119651921682379,0.07396664249456128
iamnotim,2512,46,2627,2908,2292,496,5696,0.5105337078651685,0.08707865168539326
iball95,2976,31,3067,6673,4601,1689,12963,0.5147728149348145,0.13029391344596158
icaro_83,2445,32,2577,5061,6968,898,12927,0.39150614991877464,0.06946700703952967
igor_janik,2936,29,3090,7076,4958,1459,13493,0.5244200696657526,0.10813014155488031
il_cavallo_matto,2626,43,2704,435,256,66,757,0.5746367239101717,0.08718626155878467
ilanvardi,2260,62,2341,2853,2342,378,5573,0.511932531849991,0.06782702314731742
ilikeapple314159,2369,27,2525,2532,2194,277,5003,0.5060963421946831,0.055366779932040776
iljiushenok_ilya,2808,46,2866,125,70,19,214,0.5841121495327103,0.08878504672897196
ilqar_74,3043,30,3111,3089,1851,777,5717,0.5403183487843275,0.1359104425397936
im_alex_ivanov,2766,36,2833,656,508,98,1262,0.5198098256735341,0.07765451664025357
imjonathancarlstedt,2606,47,2713,326,243,54,623,0.5232744783306581,0.08667736757624397
imrosen,2756,27,2948,4471,2901,621,7993,0.5593644438884023,0.07769298135868885
individoom,2805,37,2964,6094,5059,1009,12162,0.5010689031409308,0.08296332839993423
infiniteflo,2607,48,2620,59,81,16,156,0.3782051282051282,0.10256410256410256
irina_mikhaylova,2369,39,2464,313,572,175,1060,0.2952830188679245,0.1650943396226415
isolani44,2449,36,2457,343,222,29,594,0.5774410774410774,0.04882154882154882
itay121,2763,28,2778,2318,1913,408,4639,0.49967665445139037,0.08794998922181504
itscheckm8mate,2396,55,2450,249,261,39,549,0.453551912568306,0.07103825136612021
iulian2,2551,38,2753,1807,1271,356,3434,0.5262085032032615,0.10366919044845661
ivandrade10,2388,45,2472,748,854,63,1665,0.44924924924924925,0.03783783783783784
iwanyu,3004,42,3004,1853,1261,268,3382,0.5479006505026611,0.07924305144884683
jaackcamel,2283,81,2349,366,494,27,887,0.41262683201803835,0.030439684329199548
jaisankars,2625,45,2691,107,103,33,243,0.4403292181069959,0.13580246913580246
jakopogi,2927,37,2980,2692,2869,499,6060,0.44422442244224425,0.08234323432343234
jan2404,2315,44,2329,1440,1966,153,3559,0.40460803596515876,0.042989603821298114
janamohamedzaky,2258,106,2362,2,11,0,13,0.15384615384615385,0.0
janistantv,2824,41,2928,526,285,111,922,0.5704989154013015,0.12039045553145336
janjestem,2435,46,2462,877,711,111,1699,0.5161859917598587,0.06533254855797528
janmur7,2524,40,2651,1185,995,140,2320,0.5107758620689655,0.0603448275862069
janukshan,2445,76,2448,102,80,18,200,0.51,0.09
jarming,2800,21,2902,5487,3803,877,10167,0.5396872233697256,0.0862594669027245
jaroslavsobek,2206,46,2335,353,855,85,1293,0.27300850734725446,0.065738592420727
javokhir_sindarov05,3231,46,3251,740,293,120,1153,0.6418039895923677,0.10407632263660017
javylavilla,2509,49,2515,293,329,28,650,0.45076923076923076,0.043076923076923075
jazz_0607,1895,83,1913,11,112,1,124,0.08870967741935484,0.008064516129032258
jcibarra,3005,34,3076,6782,2805,1116,10703,0.6336541156685042,0.10426983088853592
jcmesafischer,2552,39,2602,939,897,97,1933,0.4857734092084842,0.05018106570098293
jefferyx,3179,45,3251,3238,965,742,4945,0.6548028311425682,0.15005055611729018
jennyqi13,2235,65,2302,104,156,32,292,0.3561643835616438,0.1095890410958904
jeppesen08,2612,45,2690,427,317,43,787,0.542566709021601,0.054637865311308764
jesper_kjaergaard-jensen,2248,52,2398,1203,1516,201,2920,0.41198630136986303,0.06883561643835616
johajedrezz,2444,74,2462,17,36,9,62,0.27419354838709675,0.14516129032258066
johhnnyyii11,2648,47,2654,1349,956,125,2430,0.5551440329218107,0.051440329218107
joliyroger,2641,35,2691,1572,1796,203,3571,0.4402128255390647,0.05684682161859423
juan-jose-taylor-rodrigue,2663,27,2741,1043,1223,156,2422,0.430635838150289,0.06440957886044592
juleona,2533,43,2585,543,529,76,1148,0.4729965156794425,0.06620209059233449
julia_karpova,2160,167,2197,2,3,0,5,0.4,0.0
jumbo,3045,34,3147,5833,4437,967,11237,0.5190887247485984,0.08605499688528967
jup1978,2559,39,2624,7224,8398,1979,17601,0.4104312254985512,0.11243679336401341
kaanozcan006,2696,32,2797,1315,1341,299,2955,0.4450084602368866,0.10118443316412859
kaidanov,2750,46,2759,132,98,13,243,0.5432098765432098,0.053497942386831275
karinachess1,2762,31,2813,3261,2713,661,6635,0.49148455162019594,0.09962321024868123
kashthuri3,2231,105,2266,9,19,3,31,0.2903225806451613,0.0967741935483871
kasimovr21,2773,30,2910,3493,3981,553,8027,0.43515634732776876,0.06889248785349446
katheringomezarias,2048,46,2314,49,73,4,126,0.3888888888888889,0.031746031746031744
keeper0416,2488,44,2674,288,236,45,569,0.5061511423550088,0.07908611599297012
keithonsky,2690,39,2776,7027,7284,988,15299,0.4593110660827505,0.06457938427348192
ket_cha,2536,41,2569,322,300,31,653,0.49310872894333846,0.04747320061255743
khaled_seyam_2012,2470,36,2485,68,82,17,167,0.40718562874251496,0.10179640718562874
khazhatuly_alikhan,2739,37,2965,454,390,77,921,0.49294245385450597,0.08360477741585233
khromkin,2516,47,2527,7098,6523,875,14496,0.4896523178807947,0.060361479028697575
kielinkei,2614,38,2739,2175,1815,472,4462,0.48744957418198115,0.10578216046615867
kildepiotr,2806,36,2865,3797,1832,561,6190,0.6134087237479806,0.09063004846526655
kimkibo,2509,32,2829,734,658,100,1492,0.49195710455764075,0.06702412868632708
kingnb,2801,39,2916,1072,474,158,1704,0.6291079812206573,0.09272300469483569
kingofchesss17,2507,28,2625,165,225,32,422,0.3909952606635071,0.07582938388625593
kingside_rook,2612,32,2831,1649,1624,308,3581,0.4604858977939123,0.08600949455459368
kirill_klukin,3055,24,3096,5464,4071,1222,10757,0.5079483127265967,0.11360044622106535
kiyotakaayanokouji2008,2600,46,2605,125,115,7,247,0.5060728744939271,0.02834008097165992
klimkoj,2953,36,3094,2629,1915,461,5005,0.5252747252747253,0.09210789210789211
knightinshiningarmour16,2391,43,2568,1477,1412,260,3149,0.4690377897745316,0.08256589393458241
knvb,2928,23,3090,13722,6120,1443,21285,0.6446793516560958,0.06779422128259338
komogro,2606,35,2611,1081,1096,171,2348,0.46039182282793867,0.07282793867120954
konavets,3248,40,3282,4942,2356,903,8201,0.60260943787343,0.11010852335081088
kononenkod,2722,32,2736,3477,3506,731,7714,0.45073891625615764,0.09476276899144413
kosak12,2963,34,3076,2045,1121,292,3458,0.5913823019086177,0.08444187391555813
kotofeyca,2607,23,2650,3387,3479,498,7364,0.45994024986420423,0.06762629005975014
krzyzan94,2848,34,2994,1553,1238,277,3068,0.5061929595827901,0.09028683181225554
kulik2007,2454,41,2479,1860,1963,332,4155,0.44765342960288806,0.07990373044524669
kz_champ_gm,2720,36,2720,229,204,45,478,0.4790794979079498,0.09414225941422594
lacafi,2355,24,2418,8391,8366,1115,17872,0.4695053715308863,0.06238809310653536
lachesisq,3219,41,3322,4605,2270,1094,7969,0.5778642238674865,0.13728196762454511
lady_nika,2745,35,2784,1429,1339,225,2993,0.47744737721349817,0.07517540928833946
laiditmang05_ducminh,2793,32,2829,5585,5348,822,11755,0.47511697150148874,0.06992769034453424
lamomiajunior,2893,29,3005,4970,3572,603,9145,0.5434663750683434,0.06593767085839257
lebig20,2544,28,2764,953,1182,161,2296,0.41506968641114983,0.0701219512195122
lennis93,2794,26,2938,12433,11647,1958,26038,0.4774944312159152,0.07519778784852907
leoalonso,2449,32,2684,883,582,130,1595,0.5536050156739812,0.08150470219435736
lerry0525,2800,44,2823,1257,1190,194,2641,0.4759560772434684,0.07345702385460053
let_it_be_1,2602,25,2770,8163,9426,2042,19631,0.415821914319189,0.10401915337985838
lion-al-messi,2734,39,2794,2618,2292,305,5215,0.5020134228187919,0.058485139022051776
liondinamic,2533,44,2537,1101,796,88,1985,0.5546599496221662,0.04433249370277078
liontheleon_06,3093,33,3120,2016,1417,452,3885,0.518918918918919,0.11634491634491634
littlepinkyboy,2706,46,2785,523,496,89,1108,0.4720216606498195,0.08032490974729242
liusia,2566,34,2743,875,827,138,1840,0.47554347826086957,0.075
ljuks68,2583,45,2620,1044,1156,121,2321,0.44980611805256354,0.052132701421800945
logicbaba,2699,31,2808,2533,1726,338,4597,0.5510115292582118,0.07352621274744399
lopesakalopes,2368,35,2501,3383,3518,385,7286,0.46431512489706284,0.052841065056272306
lordiron,2342,57,2410,1563,1574,153,3290,0.47507598784194527,0.046504559270516714
loruf,2595,48,2750,879,750,123,1752,0.5017123287671232,0.0702054794520548
luca_va99,2512,46,2545,101,175,22,298,0.3389261744966443,0.0738255033557047
lucabieging,2423,51,2484,719,537,63,1319,0.5451099317664898,0.047763457164518575
lucasderetti,2197,39,2328,1234,1056,161,2451,0.503467972256222,0.065687474500204
ludin-esteban-jaimes-gonz,2271,35,2433,325,456,19,800,0.40625,0.02375
luisfsiles,2430,37,2512,5342,5448,841,11631,0.4592898289055111,0.07230676640013756
lukaslebakken,2596,44,2660,62,70,11,143,0.43356643356643354,0.07692307692307693
lyonbeast,3236,43,3296,2198,783,536,3517,0.6249644583451806,0.1524026158657947
m_ezat,2694,24,2838,8797,7173,1342,17312,0.5081446395563771,0.0775184842883549
m_pank_537,2858,27,3004,1016,887,221,2124,0.4783427495291902,0.10404896421845575
macho_2006,3219,40,3219,2500,1943,444,4887,0.511561285041948,0.09085328422344997
madeinleningrad,2841,44,2846,42,28,8,78,0.5384615384615384,0.10256410256410256
magila31,2603,27,2624,6992,4405,1178,12575,0.5560238568588469,0.0936779324055666
magnuscarlsen,3373,40,3401,4653,1039,802,6494,0.7165075454265476,0.12349861410532799
magnusshawa_chess,2284,57,2284,124,87,10,221,0.5610859728506787,0.04524886877828054
mammadzadag,2568,43,2686,3461,2886,379,6726,0.5145703241153732,0.05634849836455546
manitodeplomo,2760,37,2808,4957,4287,982,10226,0.48474476823782514,0.09602972814394681
manmish2,2989,23,3058,2110,1811,380,4301,0.4905835852127412,0.08835154615205766
manukyan_artak,2550,26,2646,13764,14320,3468,31552,0.4362322515212982,0.10991379310344827
mapl3man,2411,33,2691,4312,4683,471,9466,0.4555250369744348,0.04975702514261568
marcbarcelo,2499,46,2515,11,16,5,32,0.34375,0.15625
masteratracos,2406,40,2466,103,82,13,198,0.5202020202020202,0.06565656565656566
matematicoanonimo,2144,54,2151,201,133,21,355,0.5661971830985916,0.059154929577464786
mateoreyes,2500,52,2509,1027,749,104,1880,0.5462765957446809,0.05531914893617021
mathiascasalaspro,2849,28,2903,423,331,64,818,0.5171149144254279,0.07823960880195599
matihalac,2805,28,2805,3242,3076,546,6864,0.4723193473193473,0.07954545454545454
matinghaffarifar,2209,48,2425,126,166,23,315,0.4,0.07301587301587302
matols,2463,48,2537,1734,2127,353,4214,0.41148552444233505,0.08376839107736117
mattheii,2642,44,2703,443,353,73,869,0.5097813578826237,0.08400460299194476
matthewg-p4p,3041,31,3103,4466,2536,613,7615,0.5864740643466841,0.08049901510177282
matvamatva,2794,39,2854,2304,2027,317,4648,0.49569707401032703,0.0682013769363167
matvii_b,2387,45,2423,98,147,23,268,0.3656716417910448,0.08582089552238806
matychess1,2816,20,2908,6621,4310,867,11798,0.5611968130191558,0.07348703170028818
maurijs,2515,38,2528,129,97,17,243,0.5308641975308642,0.06995884773662552
maurinm,2799,46,2810,177,110,15,302,0.5860927152317881,0.04966887417218543
maxleto,2603,31,2712,7625,6763,824,15212,0.501249013936366,0.054167762292926636
mcqueen444,2576,43,2602,157,181,31,369,0.4254742547425474,0.08401084010840108
mcwzpk,2184,52,2237,41,88,3,132,0.3106060606060606,0.022727272727272728
meri-arabidze,2820,32,2896,4344,3128,1046,8518,0.5099788682789387,0.12279877905611646
metiforce,2913,41,3118,2350,1329,312,3991,0.5888248559258331,0.0781758957654723
micki-taryan,3178,36,3240,2620,1393,427,4440,0.5900900900900901,0.09617117117117117
midgardsormur,2640,35,2705,5480,4364,868,10712,0.5115758028379388,0.08103061986557132
miguel-la,2502,46,2510,128,146,27,301,0.42524916943521596,0.08970099667774087
mik0_ch4n,2629,30,2667,356,378,63,797,0.4466750313676286,0.07904642409033877
mikakarttunen,2723,26,2859,6448,4596,1053,12097,0.5330247168719517,0.08704637513433082
mikesailer,2165,29,2325,8449,7418,1324,17191,0.4914780990052935,0.07701704380198941
mikewizard,2194,27,2297,1509,1595,341,3445,0.43802612481857767,0.09898403483309144
mikhail_bryakin,2905,32,3055,4618,3160,1226,9004,0.5128831630386494,0.13616170590848511
mikhal867,2574,40,2626,1091,1196,183,2470,0.4417004048582996,0.07408906882591093
miki_gb,2571,45,2599,1373,1229,158,2760,0.497463768115942,0.0572463768115942
minisim,2819,47,2920,2300,1557,374,4231,0.5436067123611439,0.0883951784448121
mirchi_26,2401,45,2499,1127,1507,214,2848,0.39571629213483145,0.07514044943820225
mise2020,2300,28,2358,3923,4944,875,9742,0.40268938616300554,0.08981728597823856
mishanick,3102,27,3267,16038,8540,2752,27330,0.586827661909989,0.10069520673252835
miterryble,3222,28,3269,13141,3265,2401,18807,0.6987291965757431,0.12766523103099908
mitrabhaa,2897,37,3113,4178,2366,672,7216,0.5789911308203991,0.09312638580931264
mitul,2512,43,2573,1495,1017,163,2675,0.5588785046728972,0.06093457943925234
mjelcic,2326,30,2496,4382,4411,624,9417,0.46532866093235636,0.06626314112774769
mls111,2540,49,2566,753,495,68,1316,0.5721884498480243,0.05167173252279635
mnatsakanyan-aren2012,2726,25,2770,792,679,130,1601,0.4946908182386009,0.08119925046845722
mokerslag,2647,34,2654,1325,1090,193,2608,0.5080521472392638,0.07400306748466258
moro182,3051,28,3100,4961,3160,883,9004,0.550977343402932,0.09806752554420257
mostafasakha,2504,27,2575,1871,1591,262,3724,0.5024167561761547,0.07035445757250268
movingmeats,2599,19,2862,2968,3111,318,6397,0.46396748475848054,0.04971080193840863
mr-uteligger,2554,49,2612,179,208,34,421,0.4251781472684085,0.08076009501187649
mrlion3000,2986,23,3121,2447,2134,533,5114,0.4784904184591318,0.10422369964802503
msb2,3164,33,3238,10714,4955,1995,17664,0.6065443840579711,0.11294157608695653
mw86,2755,28,2819,2924,3124,878,6926,0.42217730291654637,0.12676869766098758
mwpchess,2644,43,2806,2291,1946,1082,5319,0.4307200601616845,0.20342169580748262
myevli,2559,39,2623,1433,1168,284,2885,0.49670710571923743,0.09844020797227036
nastyahn,2681,35,2693,699,681,105,1485,0.4707070707070707,0.0707070707070707
nastypanda,2531,49,2569,1574,1265,209,3048,0.5164041994750657,0.06856955380577427
navyblue1,2250,40,2381,498,1146,188,1832,0.2718340611353712,0.10262008733624454
nbk90,2640,41,2696,2195,2516,431,5142,0.42687670167250097,0.0838195254764683
nexoknight11,2673,38,2688,536,563,100,1199,0.4470391993327773,0.08340283569641367
nicki2013,2805,40,2835,985,651,101,1737,0.567069660333909,0.05814622913068509
nigirisushies,2612,46,2658,1126,862,108,2096,0.5372137404580153,0.05152671755725191
nihalsarin,3315,30,3358,16937,9042,3107,29086,0.5823076394141511,0.10682115106924293
niilo1,2634,26,2766,3402,3182,390,6974,0.4878118726699168,0.055921995985087465
nikavolkov,2825,47,2876,237,172,29,438,0.541095890410959,0.06621004566210045
nikitashandrygin,2795,27,2960,5408,5585,1046,12039,0.4492067447462414,0.0868842927153418
nikolakis2014,2775,47,2814,877,594,164,1635,0.5363914373088685,0.10030581039755351
nikotheodorou,3196,39,3287,4318,3292,1268,8878,0.4863708042351881,0.14282496057670646
ninjatrick,2673,28,2835,1080,896,174,2150,0.5023255813953489,0.08093023255813954
nitalucian,2422,23,2570,7599,9466,1378,18443,0.4120262430190316,0.07471669468090875
nitzan_steinberg,3050,34,3104,3157,1823,605,5585,0.5652641002685765,0.10832587287376902
niviattack,2581,34,2641,146,163,22,331,0.44108761329305135,0.06646525679758308
nmchesstoimpress,2395,29,2443,14683,12615,2069,29367,0.49998297408655973,0.07045322981577962
noamapplesauce,2215,26,2373,13579,11394,1140,26113,0.5200091908244936,0.04365641634434956
nobodyjeroen,2617,24,2765,1937,2066,388,4391,0.44112958323844226,0.08836255978137099
nodariousbig,2944,26,3035,4393,4843,995,10231,0.4293812921513049,0.09725344541100577
noname372k,2614,30,2728,1766,2103,337,4206,0.4198763670946267,0.08012363290537328
nozdrachev_leonid,2717,22,2831,1338,1137,236,2711,0.4935448174105496,0.08705274806344522
nutsontheboard,2239,44,2284,184,401,37,622,0.2958199356913183,0.0594855305466238
ohanyaneminchess,3043,33,3134,4363,3767,766,8896,0.4904451438848921,0.08610611510791367
oleksandr_bortnyk,3178,29,3249,11013,3374,1656,16043,0.6864676182758835,0.10322258929127968
oleksandrprokhorov,2342,34,2509,838,1129,181,2148,0.39013035381750466,0.08426443202979515
oliver_wartiovaara,2619,20,2891,9464,7649,1568,18681,0.5066109951287404,0.0839355494887854
omid-khaledi,2767,25,2859,3029,2955,415,6399,0.4733552117518362,0.06485388341928426
only_strong_moves,2866,26,3010,6848,6580,1084,14512,0.4718853362734289,0.074696802646086
onslowchess,2449,30,2516,3133,3009,448,6590,0.4754172989377845,0.06798179059180577
onurcinarengin7,2637,25,2704,1066,938,139,2143,0.4974335044330378,0.0648623425104993
opqrc,2717,30,2824,1491,1334,276,3101,0.48081264108352145,0.0890035472428249
outlawedgangster,2818,33,2869,432,412,94,938,0.4605543710021322,0.10021321961620469
outsider2012,2568,29,2594,146,102,14,262,0.5572519083969466,0.05343511450381679
ozates,2663,45,2790,3695,3584,577,7856,0.4703411405295316,0.07344704684317718
pamapseba,2106,47,2267,358,303,28,689,0.5195936139332366,0.040638606676342524
parhamov,3218,30,3275,5120,3724,1053,9897,0.5173284833788017,0.10639587753864807
patricius007,2626,48,2681,330,300,47,677,0.4874446085672083,0.06942392909896603
patrickstawr,2768,29,2890,3442,2759,420,6621,0.5198610481800332,0.06343452650657
pavle896,2856,34,2931,3105,2729,481,6315,0.4916864608076009,0.07616785431512273
perecke,2797,29,2901,4296,3907,623,8826,0.486743711760707,0.07058690233401314
pesandu_liyanage_1,2530,48,2621,39,78,5,122,0.319672131147541,0.040983606557377046
piliposyanrobertchess,3030,33,3099,506,273,80,859,0.5890570430733411,0.09313154831199069
pizzalover2502,2673,45,2693,206,186,37,429,0.4801864801864802,0.08624708624708624
polish_fighter3000,3265,33,3267,3434,1497,626,5557,0.6179593305740507,0.11265071081518806
pournami_s,2324,46,2385,294,317,29,640,0.459375,0.0453125
pouya21,2968,46,3010,678,404,134,1216,0.5575657894736842,0.11019736842105263
premierchess64,2518,16,2636,10808,8687,2214,21709,0.4978580312312866,0.10198535169745267
preobrazhenska_d2011,2485,47,2600,829,734,110,1673,0.4955170352659892,0.0657501494321578
propellerboy01,2727,25,2758,250,255,68,573,0.4363001745200698,0.11867364746945899
qminhlcf,2925,43,2956,1353,883,166,2402,0.5632805995004163,0.06910907577019151
qsjtgx,2900,31,3111,4634,4421,920,9975,0.46456140350877195,0.09223057644110276
queencrusher_10,2043,40,2276,64,167,15,246,0.2601626016260163,0.06097560975609756
queladri,2542,25,2703,1148,1252,270,2670,0.4299625468164794,0.10112359550561797
quetia_pin,2551,42,2573,41,37,10,88,0.4659090909090909,0.11363636363636363
qwerty_cool_123,2841,30,2898,1413,1104,167,2684,0.5264530551415797,0.06222056631892697
r-sham,2524,49,2542,14,15,3,32,0.4375,0.09375
rachidhuilda,2500,23,2552,14082,12524,3453,30059,0.4684786586380119,0.1148740809740843
rafaelsharon,2648,40,2840,223,202,26,451,0.49445676274944567,0.057649667405764965
rakhmanov_aleksandr,2877,47,3072,1417,673,290,2380,0.5953781512605042,0.12184873949579832
ramu_k_fm_ft,2314,50,2371,1048,1337,110,2495,0.42004008016032063,0.04408817635270541
rasmussvane,3022,36,3120,5879,2340,1186,9405,0.6250930356193514,0.1261031366294524
ratami,2418,52,2422,198,128,22,348,0.5689655172413793,0.06321839080459771
rcc_2024,2507,43,2630,232,289,61,582,0.39862542955326463,0.10481099656357389
rebeljohnny,2722,45,2777,4271,3863,530,8664,0.49295937211449675,0.061172668513388734
rebequeen08,2247,47,2257,175,315,62,552,0.3170289855072464,0.11231884057971014
recombinant,2579,32,2608,14600,16182,3272,34054,0.4287308392553004,0.09608269219474952
reshetkov,2683,41,2900,2281,1317,254,3852,0.592159916926272,0.06593977154724819
reymannnathan,2466,54,2469,37,38,6,81,0.4567901234567901,0.07407407407407407
rezamahdavi2008,3003,29,3192,3173,1939,431,5543,0.5724337001623669,0.07775572794515605
rhwr,2447,19,2576,2482,2254,392,5128,0.484009360374415,0.07644305772230889
richy_94,2599,46,2742,416,324,60,800,0.52,0.075
ridethesky89,2321,39,2472,742,777,78,1597,0.4646211646837821,0.048841577958672514
rikchessmx,2320,36,2542,3767,4393,523,8683,0.43383623171714847,0.0602326384890015
robert_e2009,2737,31,2951,889,615,157,1661,0.535219747140277,0.09452137266706803
robert_sava,2767,43,2812,1365,1059,172,2596,0.525808936825886,0.0662557781201849
robertojbm,2918,24,3004,10095,8244,3251,21590,0.46757758221398793,0.1505789717461788
robertskytte,2235,45,2264,50,127,15,192,0.2604166666666667,0.078125
robram,2568,35,2628,13133,10814,1764,25711,0.5107930457780716,0.0686087666757419
roedor,2520,34,2555,3354,2809,434,6597,0.5084129149613461,0.06578747915719266
rollercoaster29,2728,38,2848,3860,3811,768,8439,0.45740016589643323,0.09100604337006754
romik2012,3019,37,3088,2695,2200,219,5114,0.526984747751271,0.04282362143136488
roseatwell,2730,36,2831,229,176,43,448,0.5111607142857143,0.09598214285714286
rud_makarian,3107,30,3208,14595,10229,3794,28618,0.5099937102522888,0.13257390453560697
ruslann88,2407,43,2435,445,536,63,1044,0.42624521072796934,0.0603448275862069
saara_sunea,2187,65,2190,20,38,8,66,0.30303030303030304,0.12121212121212122
safikiet,2654,40,2728,1685,1245,212,3142,0.5362826225334182,0.0674729471674093
saihanthiha,2517,44,2709,6283,5357,708,12348,0.5088273404599936,0.057337220602526724
sajid0987654321,2801,31,2956,3090,3046,483,6619,0.46683789092007855,0.07297174799818704
sam_chessmood,3009,40,3094,2319,1360,698,4377,0.5298149417409185,0.15946995659127255
samdanov,2612,25,2764,1252,1464,121,2837,0.44131124427211843,0.0426506873457878
sammed_shete,2718,42,2848,2921,3150,473,6544,0.44636308068459657,0.0722799511002445
sanan_sjugirov,3039,25,3168,7509,4401,1749,13659,0.5497474192839886,0.1280474412475291
sanbruh,2417,38,2534,6652,5931,1046,13629,0.48807689485655587,0.07674811064641573
saranyadevinarahari,2406,33,2528,239,243,39,521,0.45873320537428025,0.07485604606525911
sargissyansargis,2562,46,2570,1696,1503,287,3486,0.4865174985656913,0.0823293172690763
sathvikadiga,2824,45,2879,1132,742,175,2049,0.552464616886286,0.0854075158613958
savitha1030,2717,36,2795,873,993,144,2010,0.4343283582089552,0.07164179104477612
savva_krasavva,3043,48,3131,598,415,158,1171,0.5106746370623398,0.1349274124679761
schekachikhin_maksim,2704,41,2754,2371,1856,478,4705,0.5039319872476089,0.10159404888416577
seasidesunset,2509,36,2538,462,354,52,868,0.532258064516129,0.059907834101382486
semetey,2666,37,2756,1399,1083,191,2673,0.5233819678264122,0.0714552936775159
sergeant_james,2941,36,3091,1582,1864,370,3816,0.41457023060796644,0.09696016771488469
sergioocampos,2452,38,2452,80,70,13,163,0.49079754601226994,0.07975460122699386
sergoy,3098,33,3167,4901,3022,839,8762,0.5593471810089021,0.09575439397397854
sevilplayschess,2111,34,2197,96,89,17,202,0.4752475247524752,0.08415841584158416
shahzodbek_2010,2511,45,2550,897,369,96,1362,0.6585903083700441,0.07048458149779736
shankland,3022,35,3096,2577,1530,707,4814,0.5353136684669714,0.14686331533028665
shanyrak,2452,55,2452,195,160,19,374,0.5213903743315508,0.05080213903743316
sharapovevgeny,2691,45,2707,1052,757,494,2303,0.45679548415110727,0.21450282240555796
shavkatov02,2869,32,2920,322,296,44,662,0.486404833836858,0.06646525679758308
shaxrombekkarimov9,2631,44,2631,155,86,15,256,0.60546875,0.05859375
shield12,3132,36,3152,3170,1921,739,5830,0.5437392795883362,0.1267581475128645
shimastream,3100,27,3179,5261,3171,1084,9516,0.5528583438419504,0.1139134089953762
shirovin,2138,44,2245,2322,4074,325,6721,0.34548430293111143,0.048355899419729204
shivananda1964,2517,43,2568,6090,5700,520,12310,0.49471974004874086,0.04224207961007311
shubinkirill2003,3069,32,3148,1308,1180,326,2814,0.464818763326226,0.11584932480454868
shuvalov,2672,24,2857,7014,6602,1542,15158,0.462725953291991,0.10172846021902626
sibelephant,3212,46,3250,896,241,272,1409,0.6359119943222143,0.1930447125621008
sina-movahed,3168,26,3312,2911,1645,368,4924,0.5911860276198213,0.07473598700243704
slawomir_kurpiewski,2120,20,2278,6819,5168,726,12713,0.5363800833792182,0.0571068984504051
sleeping_in_the_fire,2529,48,2579,127,176,20,323,0.3931888544891641,0.06191950464396285
slidingknight2775,2908,32,2952,3249,2222,818,6289,0.5166163141993958,0.13006837335029417
slipperyspeedster,2872,46,2930,7245,5611,787,13643,0.5310415597742432,0.0576852598402111
smiechu,2547,30,2697,4229,4887,779,9895,0.4273875694795351,0.0787266296109146
sn2022s,2601,30,2760,5699,4886,591,11176,0.5099319971367215,0.05288117394416607
snehahalder2009,2661,34,2705,253,178,35,466,0.5429184549356223,0.07510729613733906
snowlord,3074,31,3109,6471,5297,1583,13351,0.4846827952962325,0.1185678975357651
sofiia_hryzlova,2519,45,2588,956,1058,95,2109,0.45329540066382173,0.04504504504504504
sokidze,3060,47,3093,3350,2169,641,6160,0.5438311688311688,0.10405844155844156
solovaleaganar,2621,45,2654,1749,1378,236,3363,0.52007136485281,0.07017543859649122
soymono,2486,30,2547,717,560,89,1366,0.5248901903367497,0.06515373352855051
spartantiger2025,2474,51,2504,614,402,94,1110,0.5531531531531532,0.08468468468468468
speshka,2757,31,2821,854,628,175,1657,0.5153892576946288,0.1056125528062764
squirlolz,2696,47,2774,685,646,125,1456,0.47046703296703296,0.08585164835164835
stefansachy,2618,29,2731,554,494,80,1128,0.49113475177304966,0.07092198581560284
stollenmonster,2962,36,3037,10649,5180,2086,17915,0.5944180854032933,0.11643873848730114
stormstrategist,2777,36,2952,200,187,38,425,0.47058823529411764,0.08941176470588236
stt170116,2663,33,2668,296,248,47,591,0.5008460236886633,0.07952622673434856
sultaic,2529,49,2563,977,918,64,1959,0.4987238386932108,0.03266972945380296
sun_chan_lee,2629,22,2713,437,530,92,1059,0.4126534466477809,0.08687440982058546
sunny_star,2116,93,2341,288,468,15,771,0.3735408560311284,0.019455252918287938
superchess02,3001,34,3018,1991,1432,381,3804,0.5233964248159831,0.10015772870662461
szparu,2886,34,3009,4763,3130,710,8603,0.5536440776473324,0.08252935022666512
tacticalterror_10,2263,51,2572,39,99,5,143,0.2727272727272727,0.03496503496503497
tacticthunder,3005,44,3005,574,325,63,962,0.5966735966735967,0.06548856548856549
tagir45,2896,32,2957,1562,1249,278,3089,0.5056652638394302,0.08999676270637746
taglit,2366,43,2405,2286,2145,446,4877,0.46873077711708017,0.09144966167726061
talatyildiz,2608,33,2656,258,215,46,519,0.49710982658959535,0.08863198458574181
temus_galaktionov,3011,29,3083,2854,2630,701,6185,0.4614389652384802,0.113338722716249
teresin05,2514,44,2604,873,908,162,1943,0.44930519814719505,0.08337622233659289
tetrix83,2650,47,2730,2471,2416,357,5244,0.4712051868802441,0.06807780320366133
the_blue_pill,2601,47,2601,5898,5175,1033,12106,0.48719643152155956,0.08532958863373534
the_sherman_variation,2788,27,2890,3421,3017,568,7006,0.48829574650299745,0.08107336568655438
thecourseoisildur,2813,46,2886,1535,1305,275,3115,0.492776886035313,0.08828250401284109
thehas_kiringoda,2485,55,2485,416,167,21,604,0.6887417218543046,0.0347682119205298
theinfinity011,2703,43,2737,154,161,21,336,0.4583333333333333,0.0625
therabbit19,2849,39,2852,274,193,49,516,0.5310077519379846,0.09496124031007752
theredking89,2928,19,3056,12296,11387,2605,26288,0.46774193548387094,0.09909464394400487
thesmallergreek,2218,47,2397,72,93,5,170,0.4235294117647059,0.029411764705882353
thewinninguy,2535,48,2535,14,19,5,38,0.3684210526315789,0.13157894736842105
thomask2011,2413,48,2426,66,59,3,128,0.515625,0.0234375
tiagomangialardo,2218,34,2320,4622,4547,340,9509,0.4860658323693343,0.035755599957934585
tigremexicano,2786,40,2833,127,86,18,231,0.5497835497835498,0.07792207792207792
tikhon_popov,2865,30,2960,2143,2251,440,4834,0.44331816301199833,0.09102192800992967
tiltedknight123,2695,26,2829,4452,3363,1097,8912,0.4995511669658887,0.12309245960502693
tim1234321,2581,43,2589,252,194,29,475,0.5305263157894737,0.061052631578947365
timaina,3009,30,3059,2806,2823,481,6110,0.4592471358428805,0.07872340425531915
timur_nurzhanov,2458,46,2587,1837,1584,197,3618,0.507739082365948,0.054449972360420124
timurdzhaan,2609,44,2693,186,151,26,363,0.512396694214876,0.07162534435261708
titandjebel,2275,64,2688,19,62,4,85,0.2235294117647059,0.047058823529411764
tonilator,2313,72,2374,13,16,1,30,0.43333333333333335,0.03333333333333333
toxic_knight17,2873,36,2888,287,130,29,446,0.6434977578475336,0.06502242152466367
trahtarbelarus,2937,40,3022,1881,1253,354,3488,0.5392775229357798,0.1014908256880734
trixr4kidzzzzz,2798,34,2863,628,457,105,1190,0.5277310924369748,0.08823529411764706
trojan-knight,2686,45,2736,181,183,30,394,0.4593908629441624,0.07614213197969544
tsaruk_maks,3003,33,3088,1910,1411,335,3656,0.5224288840262582,0.09163019693654267
tugaychess,2506,24,2559,294,219,39,552,0.532608695652174,0.07065217391304347
tunartank,2918,29,3083,3094,2967,390,6451,0.47961556347853046,0.06045574329561308
tuongminhcute,2543,37,2563,2116,1872,257,4245,0.49846878680800943,0.06054181389870436
turboplombir,3076,29,3130,2267,1939,411,4617,0.4910114793155729,0.08901884340480831
umuterdemgunduz,2680,48,2787,929,593,148,1670,0.5562874251497006,0.08862275449101796
ural58,2689,38,2716,2221,2204,399,4824,0.46040630182421227,0.08271144278606965
vaathi_coming,3087,38,3146,1505,676,214,2395,0.6283924843423799,0.08935281837160751
valpoluea13,2203,23,2370,1304,1378,210,2892,0.4508990318118949,0.07261410788381743
vedantgoswami,2340,70,2440,334,384,72,790,0.42278481012658226,0.09113924050632911
venemycin,2477,20,2540,5549,5720,628,11897,0.4664201059090527,0.0527864167437169
vesper2018,2641,46,2760,1036,746,192,1974,0.524822695035461,0.0972644376899696
vi_pranav,3205,28,3265,5628,3612,820,10060,0.5594433399602385,0.08151093439363817
viktoker,2689,26,2807,2581,2893,597,6071,0.42513589194531376,0.0983363531543403
viktorskliarov,2796,42,2806,3290,1616,720,5626,0.5847849271240668,0.12797724848915748
vincentkeymer,3135,45,3280,3957,3151,1085,8193,0.4829732698645185,0.1324301232759673
viper_108,2223,82,2223,14,9,2,25,0.56,0.08
vladgoncharov,2744,36,2771,3547,2613,637,6797,0.5218478740620862,0.0937178166838311
vladimirbelous,2871,40,3010,1471,976,217,2664,0.5521771771771772,0.08145645645645645
vm2027,2606,44,2673,1707,1459,244,3410,0.5005865102639296,0.07155425219941348
vmalhotra14,2567,48,2605,110,132,13,255,0.43137254901960786,0.050980392156862744
volcanator,2501,26,2578,6534,5752,677,12963,0.5040499884286045,0.05222556506981409
vovachesss,2812,31,3030,7856,5385,1294,14535,0.5404884760921913,0.0890264877880977
wanyaland,2586,23,2687,7074,6854,662,14590,0.48485263879369433,0.045373543522960934
weezhun93,2421,41,2516,456,518,60,1034,0.4410058027079304,0.058027079303675046
weshailwin,2404,41,2450,1250,970,201,2421,0.5163155720776539,0.08302354399008674
wgraif,2638,37,2724,2523,1997,343,4863,0.5188155459592844,0.07053259304955789
whiteking2009,2848,42,2885,1311,1428,298,3037,0.4316759960487323,0.09812314784326638
whiteknight2612,2996,32,3084,5237,4835,846,10918,0.47966660560542224,0.07748671917933687
willi_skibbe,2387,46,2486,847,716,112,1675,0.5056716417910447,0.06686567164179104
windwhistler11,2515,48,2627,1046,1134,78,2258,0.4632418069087688,0.03454384410983171
winnercm2014,2687,38,2687,963,684,157,1804,0.5338137472283814,0.08702882483370289
wise_guyyy,2768,38,2964,812,790,102,1704,0.4765258215962441,0.05985915492957746
witik,2888,22,2994,30551,24331,4788,59670,0.5119993296463885,0.08024132730015084
witty_alien,2587,28,2670,2630,2600,352,5582,0.4711572912934432,0.06305983518452167
wmirbv,2850,25,2975,485,388,84,957,0.5067920585161965,0.0877742946708464
wonderfultime,3202,27,3247,12202,6725,2420,21347,0.5716025671054481,0.11336487562655174
woodpecker108,2328,30,2407,1487,1391,148,3026,0.49140779907468607,0.048909451421017845
wotgenie,2655,23,2803,5992,4553,985,11530,0.5196877710320902,0.08542931483087597
wpwpwp-2015,2627,35,2712,4936,4319,565,9820,0.5026476578411405,0.057535641547861505
wunderkind2011,2658,31,2731,453,417,95,965,0.4694300518134715,0.09844559585492228
x-0479045889,2483,25,2534,722,573,126,1421,0.5080928923293455,0.08866995073891626
x-6605293955,2517,37,2565,2457,2439,532,5428,0.45265291083271925,0.09801031687546058
xiaoxuan2012,2742,39,2856,1219,1116,221,2556,0.4769170579029734,0.08646322378716745
xuetianhao,2358,84,2375,5,13,3,21,0.23809523809523808,0.14285714285714285
xyloxia,2573,29,2617,340,407,50,797,0.42659974905897113,0.06273525721455459
yan_dyomin2010,2862,28,3043,4048,3917,863,8828,0.4585410058903489,0.09775713638423199
yassinox1234,2209,30,2357,179,136,17,332,0.5391566265060241,0.05120481927710843
ybothg,2648,42,2681,866,663,134,1663,0.5207456404088996,0.08057726999398677
ykow2,2907,41,3006,163,132,14,309,0.5275080906148867,0.045307443365695796
yohankrokov,2697,39,2776,1349,1384,312,3045,0.4430213464696223,0.10246305418719212
yosephtaher,3046,30,3171,3793,1326,589,5708,0.6645059565522075,0.1031885073580939
yushko_olga,2425,40,2452,1519,1851,168,3538,0.42933860938383267,0.047484454494064444
yyaroslavchess2010,2682,44,2751,346,332,48,726,0.4765840220385675,0.06611570247933884
zampronha1971,2463,49,2486,733,987,193,1913,0.3831677992681652,0.10088865656037638
zarinur,2603,45,2783,305,343,42,690,0.4420289855072464,0.06086956521739131
zeronybah,2266,33,2420,1465,1225,93,2783,0.5264103485447359,0.033417175709665826
zhans_2014,2470,43,2473,87,129,11,227,0.3832599118942731,0.048458149779735685
zhoh_off,2755,22,2840,421,414,124,959,0.43899895724713245,0.12930135557872785
zhuu96,3206,45,3213,2275,1343,452,4070,0.558968058968059,0.11105651105651106
zoktayyyyfanclubbb,2645,26,2813,418,365,87,870,0.4804597701149425,0.1
zurability,2956,28,3019,4678,3594,621,8893,0.5260317103339706,0.06983020353086697
zverr1,2742,35,2822,4013,4062,882,8957,0.44802947415429273,0.09847047002344535
